event_category,fighter_1,fighter_2,date,venue,city,state_province,country,attendance
UFC on ESPN, Covington , Buckley,"Dec 14, 2024",Amalie Arena,Tampa,Florida,United States,18625
UFC 310, Pantoja , Asakura,"Dec 7, 2024",T-Mobile Arena,Las Vegas,Nevada,United States,18648
UFC Fight Night, Yan , Figueiredo,"Nov 23, 2024",Galaxy Arena,Macau,SAR,China,12615
UFC 309, Jones , Miocic,"Nov 16, 2024",Madison Square Garden,New York City,New York,United States,20200
UFC Fight Night, Magny , Prates,"Nov 9, 2024",UFC Apex,Las Vegas,Nevada,United States,NA
UFC Fight Night, Moreno , Albazi,"Nov 2, 2024",Rogers Place,Edmonton,Alberta,Canada,16439
UFC 308, Topuria , Holloway,"Oct 26, 2024",Etihad Arena,Abu Dhabi,NA,United Arab Emirates,NA
UFC Fight Night, Hernandez , Pereira,"Oct 19, 2024",UFC Apex,Las Vegas,Nevada,United States,NA
UFC Fight Night, Royval , Taira,"Oct 12, 2024",UFC Apex,Las Vegas,Nevada,United States,NA
UFC 307, Pereira , Rountree Jr.,"Oct 5, 2024",Delta Center,Salt Lake City,Utah,United States,17487
UFC Fight Night, Moicano , Saint Denis,"Sep 28, 2024",Accor Arena,Paris,NA,France,15449
UFC 306, O'Malley , Dvalishvili,"Sep 14, 2024",Sphere,Las Vegas,Nevada,United States,16024
UFC Fight Night, Burns , Brady,"Sep 7, 2024",UFC Apex,Las Vegas,Nevada,United States,NA
UFC on ESPN, Cannonier , Borralho,"Aug 24, 2024",UFC Apex,Las Vegas,Nevada,United States,NA
UFC 305, du Plessis , Adesanya,"Aug 18, 2024",RAC Arena,Perth,NA,Australia,14152
UFC on ESPN, Tybura , Spivac ,"Aug 10, 2024",UFC Apex,Las Vegas,Nevada,United States,NA
UFC on ABC, Sandhagen , Nurmagomedov,"Aug 3, 2024",Etihad Arena,Abu Dhabi,NA,United Arab Emirates,NA
UFC 304, Edwards , Muhammad ,"Jul 27, 2024",Co-op Live,Manchester,England,United Kingdom,17907
UFC on ESPN, Lemos , Jandiroba,"Jul 20, 2024",UFC Apex,Las Vegas,Nevada,United States,NA
UFC on ESPN, Namajunas , Cortez,"Jul 13, 2024",Ball Arena,Denver,Colorado,United States,16884
UFC 303, Pereira , Procházka ,"Jun 29, 2024",T-Mobile Arena,Las Vegas,Nevada,United States,18881
UFC on ABC, Whittaker , Aliskerov,"Jun 22, 2024",Kingdom Arena,Riyadh,NA,Saudi Arabia,NA
UFC on ESPN, Perez , Taira,"Jun 15, 2024",UFC Apex,Las Vegas,Nevada,United States,NA
UFC on ESPN, Cannonier , Imavov,"Jun 8, 2024",KFC Yum! Center,Louisville,Kentucky,United States,19578
UFC 302, Makhachev , Poirier,"Jun 1, 2024",Prudential Center,Newark,New Jersey,United States,17834
UFC Fight Night, Barboza , Murphy,"May 18, 2024",UFC Apex,Las Vegas,Nevada,United States,NA
UFC on ESPN, Lewis , Nascimento,"May 11, 2024",Enterprise Center,St. Louis,Missouri,United States,15960
UFC 301, Pantoja , Erceg,"May 4, 2024",Farmasi Arena,Rio de Janeiro,NA,Brazil,14514
UFC on ESPN, Nicolau , Perez,"Apr 27, 2024",UFC Apex,Las Vegas,Nevada,United States,NA
UFC 300, Pereira , Hill,"Apr 13, 2024",T-Mobile Arena,Las Vegas,Nevada,United States,20067
UFC Fight Night, Allen , Curtis ,"Apr 6, 2024",UFC Apex,Las Vegas,Nevada,United States,NA
UFC on ESPN, Blanchfield , Fiorot,"Mar 30, 2024",Boardwalk Hall,Atlantic City,New Jersey,United States,12198
UFC on ESPN, Ribas , Namajunas,"Mar 23, 2024",UFC Apex,Las Vegas,Nevada,United States,NA
UFC Fight Night, Tuivasa , Tybura,"Mar 16, 2024",UFC Apex,Las Vegas,Nevada,United States,NA
UFC 299, O'Malley , Vera ,"Mar 9, 2024",Kaseya Center,Miami,Florida,United States,19165
UFC Fight Night, Rozenstruik , Gaziev,"Mar 2, 2024",UFC Apex,Las Vegas,Nevada,United States,NA
UFC Fight Night, Moreno , Royval ,"Feb 24, 2024",Arena CDMX,Mexico City,NA,Mexico,21546
UFC 298, Volkano,i vs. Topuria,"Feb 17, 2024",Honda Center,Anaheim,California,United States,18186
UFC Fight Night, Hermansson , Pyfer,"Feb 10, 2024",UFC Apex,Las Vegas,Nevada,United States,NA
UFC Fight Night, Dolidze , Imavov,"Feb 3, 2024",UFC Apex,Las Vegas,Nevada,United States,NA
UFC 297, Strickland , du Plessis,"Jan 20, 2024",Scotiabank Arena,Toronto,Ontario,Canada,18559
UFC Fight Night, Ankalaev , Walker ,"Jan 13, 2024",UFC Apex,Las Vegas,Nevada,United States,NA
UFC 296, Edwards , Covington,"Dec 16, 2023",T-Mobile Arena,Las Vegas,Nevada,United States,19039
UFC Fight Night, Song , Gutiérrez,"Dec 9, 2023",UFC Apex,Las Vegas,Nevada,United States,NA
UFC on ESPN, Dariush , Tsarukyan,"Dec 2, 2023",Moody Center,Austin,Texas,United States,14485
UFC Fight Night, Allen , Craig,"Nov 18, 2023",UFC Apex,Las Vegas,Nevada,United States,NA
UFC 295, Procházka , Pereira,"Nov 11, 2023",Madison Square Garden,New York City,New York,United States,19039
UFC Fight Night, Almeida , Lewis,"Nov 4, 2023",Ginásio do Ibirapuera,São Paulo,NA,Brazil,10792
UFC 294, Makhachev , Volkanovski ,"Oct 21, 2023",Etihad Arena,Abu Dhabi,NA,United Arab Emirates,NA
UFC Fight Night, Yusuff , Barboza,"Oct 14, 2023",UFC Apex,Las Vegas,Nevada,United States,NA
UFC Fight Night, Dawson , Green,"Oct 7, 2023",UFC Apex,Las Vegas,Nevada,United States,NA
UFC Fight Night, Fiziev , Gamrot,"Sep 23, 2023",UFC Apex,Las Vegas,Nevada,United States,NA
UFC Fight Night, Grasso , Shevchenko ,"Sep 16, 2023",T-Mobile Arena,Las Vegas,Nevada,United States,18766
UFC 293, Adesanya , Strickland,"Sep 10, 2023",Qudos Bank Arena,Sydney,NA,Australia,18168
UFC Fight Night, Gane , Spivac,"Sep 2, 2023",Accor Arena,Paris,NA,France,15610
UFC Fight Night, Holloway , The Korean Zombie,"Aug 26, 2023",Singapore Indoor Stadium,Kallang,NA,Singapore,10263
UFC 292, Sterling , O'Malley,"Aug 19, 2023",TD Garden,Boston,Massachusetts,United States,18293
UFC on ESPN, Luque , dos Anjos,"Aug 12, 2023",UFC Apex,Las Vegas,Nevada,United States,NA
UFC on ESPN, Sandhagen , Font,"Aug 5, 2023",Bridgestone Arena,Nashville,Tennessee,United States,17792
UFC 291, Poirier , Gaethje ,"Jul 29, 2023",Delta Center,Salt Lake City,Utah,United States,18467
UFC Fight Night, Aspinall , Tybura,"Jul 22, 2023",The O2 Arena,London,England,United Kingdom,15078
UFC on ESPN, Holm , Bueno Silva,"Jul 15, 2023",UFC Apex,Las Vegas,Nevada,United States,NA
UFC 290, Volkano,i vs. Rodríguez,"Jul 8, 2023",T-Mobile Arena,Las Vegas,Nevada,United States,19204
UFC on ESPN, Strickland , Magomedov,"Jul 1, 2023",UFC Apex,Las Vegas,Nevada,United States,NA
UFC on ABC, Emmett , Topuria,"Jun 24, 2023",VyStar Veterans Memorial Arena,Jacksonville,Florida,United States,14101
UFC on ESPN, Vettori , Cannonier,"Jun 17, 2023",UFC Apex,Las Vegas,Nevada,United States,NA
UFC 289, Nunes , Aldana,"Jun 10, 2023",Rogers Arena,Vancouver,British Columbia,Canada,17628
UFC on ESPN, Kara-France , Albazi,"Jun 3, 2023",UFC Apex,Las Vegas,Nevada,United States,NA
UFC Fight Night, Dern , Hill,"May 20, 2023",UFC Apex,Las Vegas,Nevada,United States,NA
UFC on ABC, Rozenstruik , Almeida,"May 13, 2023",Spectrum Center,Charlotte,North Carolina,United States,18712
UFC 288, Sterling , Cejudo,"May 6, 2023",Prudential Center,Newark,New Jersey,United States,17559
UFC on ESPN, Song , Simón,"Apr 29, 2023",UFC Apex,Las Vegas,Nevada,United States,NA
UFC Fight Night, Pavlovich , Blaydes,"Apr 22, 2023",UFC Apex,Las Vegas,Nevada,United States,91
UFC on ESPN, Holloway , Allen,"Apr 15, 2023",T-Mobile Center,Kansas City,Missouri,United States,16234
UFC 287, Pereira , Adesanya ,"Apr 8, 2023",Kaseya Center,Miami,Florida,United States,19032
UFC on ESPN, Vera , Sandhagen,"Mar 25, 2023",Frost Bank Center,San Antonio,Texas,United States,16076
UFC 286, Edwards , Usman ,"Mar 18, 2023",The O2 Arena,London,England,United Kingdom,17588
UFC Fight Night, Yan , Dvalishvili,"Mar 11, 2023",The Theater at Virgin Hotels,Las Vegas,Nevada,United States,2361
UFC 285, Jones , Gane,"Mar 4, 2023",T-Mobile Arena,Las Vegas,Nevada,United States,19471
UFC Fight Night, Muniz , Allen,"Feb 25, 2023",UFC Apex,Las Vegas,Nevada,United States,NA
UFC Fight Night, Andrade , Blanchfield,"Feb 18, 2023",UFC Apex,Las Vegas,Nevada,United States,99
UFC 284, Makhachev , Volkanovski,"Feb 12, 2023",RAC Arena,Perth,NA,Australia,14124
UFC Fight Night, Lewis , Spivac,"Feb 4, 2023",UFC Apex,Las Vegas,Nevada,United States,NA
UFC 283, Teixeira , Hill,"Jan 21, 2023",Jeunesse Arena,Rio de Janeiro,NA,Brazil,13604
UFC Fight Night, Strickland , Imavov,"Jan 14, 2023",UFC Apex,Las Vegas,Nevada,United States,NA
UFC Fight Night, Cannonier , Strickland,"Dec 17, 2022",UFC Apex,Las Vegas,Nevada,United States,104
UFC 282, Błachowicz , Ankalaev,"Dec 10, 2022",T-Mobile Arena,Las Vegas,Nevada,United States,18455
UFC on ESPN, Thompson , Holland,"Dec 3, 2022",Kia Center,Orlando,Florida,United States,17065
UFC Fight Night, Nzechukwu , Cuțelaba,"Nov 19, 2022",UFC Apex,Las Vegas,Nevada,United States,NA
UFC 281, Adesanya , Pereira,"Nov 12, 2022",Madison Square Garden,New York City,New York,United States,20845
UFC Fight Night, Rodriguez , Lemos,"Nov 5, 2022",UFC Apex,Las Vegas,Nevada,United States,NA
UFC Fight Night, Kattar , Allen,"Oct 29, 2022",UFC Apex,Las Vegas,Nevada,United States,NA
UFC 280, Oliveira , Makhachev,"Oct 22, 2022",Etihad Arena,Abu Dhabi,NA,United Arab Emirates,13400
UFC Fight Night, Grasso , Araújo,"Oct 15, 2022",UFC Apex,Las Vegas,Nevada,United States,NA
UFC Fight Night, Dern , Yan,"Oct 1, 2022",UFC Apex,Las Vegas,Nevada,United States,NA
UFC Fight Night, Sandhagen , Song,"Sep 17, 2022",UFC Apex,Las Vegas,Nevada,United States,NA
UFC 279, Diaz , Ferguson,"Sep 10, 2022",T-Mobile Arena,Las Vegas,Nevada,United States,19125
UFC Fight Night, Gane , Tuivasa,"Sep 3, 2022",Accor Arena,Paris,NA,France,15405
UFC 278, Usman , Edwards ,"Aug 20, 2022",Vivint Arena,Salt Lake City,Utah,United States,18321
UFC on ESPN, Vera , Cruz,"Aug 13, 2022",Pechanga Arena,San Diego,California,United States,12804
UFC on ESPN, Santos , Hill,"Aug 6, 2022",UFC Apex,Las Vegas,Nevada,United States,NA
UFC 277, Peña , Nunes ,"Jul 30, 2022",American Airlines Center,Dallas,Texas,United States,19442
UFC Fight Night, Blaydes , Aspinall,"Jul 23, 2022",The O2 Arena,London,England,United Kingdom,17813
UFC on ABC, Ortega , Rodríguez,"Jul 16, 2022",UBS Arena,Hempstead,New York,United States,16979
UFC on ESPN, dos Anjos , Fiziev,"Jul 9, 2022",UFC Apex,Las Vegas,Nevada,United States,NA
UFC 276, Adesanya , Cannonier,"Jul 2, 2022",T-Mobile Arena,Las Vegas,Nevada,United States,19649
UFC on ESPN, Tsarukyan , Gamrot,"Jun 25, 2022",UFC Apex,Las Vegas,Nevada,United States,NA
UFC on ESPN, Kattar , Emmett,"Jun 18, 2022",Moody Center,Austin,Texas,United States,13689
UFC 275, Teixeira , Procházka,"Jun 12, 2022",Singapore Indoor Stadium,Kallang,NA,Singapore,10787
UFC Fight Night, Volkov , Rozenstruik,"Jun 4, 2022",UFC Apex,Las Vegas,Nevada,United States,NA
UFC Fight Night, Holm , Vieira,"May 21, 2022",UFC Apex,Las Vegas,Nevada,United States,NA
UFC on ESPN, Błachowicz , Rakić,"May 14, 2022",UFC Apex,Las Vegas,Nevada,United States,NA
UFC 274, Oliveira , Gaethje,"May 7, 2022",Footprint Center,Phoenix,Arizona,United States,17232
UFC on ESPN, Font , Vera,"Apr 30, 2022",UFC Apex,Las Vegas,Nevada,United States,NA
UFC Fight Night, Lemos , Andrade,"Apr 23, 2022",UFC Apex,Las Vegas,Nevada,United States,NA
UFC on ESPN, Luque , Muhammad ,"Apr 16, 2022",UFC Apex,Las Vegas,Nevada,United States,NA
UFC 273, Volkano,i vs. The Korean Zombie,"Apr 9, 2022",VyStar Veterans Memorial Arena,Jacksonville,Florida,United States,14605
UFC on ESPN, Blaydes , Daukaus,"Mar 26, 2022",Nationwide Arena,Columbus,Ohio,United States,18630
UFC Fight Night, Volkov , Aspinall,"Mar 19, 2022",The O2 Arena,London,England,United Kingdom,17081
UFC Fight Night, Santos , Ankalaev,"Mar 12, 2022",UFC Apex,Las Vegas,Nevada,United States,NA
UFC 272, Covington , Masvidal,"Mar 5, 2022",T-Mobile Arena,Las Vegas,Nevada,United States,19425
UFC Fight Night, Makhachev , Green,"Feb 26, 2022",UFC Apex,Las Vegas,Nevada,United States,NA
UFC Fight Night, Walker , Hill,"Feb 19, 2022",UFC Apex,Las Vegas,Nevada,United States,NA
UFC 271, Adesanya , Whittaker ,"Feb 12, 2022",Toyota Center,Houston,Texas,United States,17872
UFC Fight Night, Hermansson , Strickland,"Feb 5, 2022",UFC Apex,Las Vegas,Nevada,United States,NA
UFC 270, Ngannou , Gane,"Jan 22, 2022",Honda Center,Anaheim,California,United States,17387
UFC on ESPN, Kattar , Chikadze,"Jan 15, 2022",UFC Apex,Las Vegas,Nevada,United States,NA
UFC Fight Night, Lewis , Daukaus,"Dec 18, 2021",UFC Apex,Las Vegas,Nevada,United States,NA
UFC 269, Oliveira , Poirier,"Dec 11, 2021",T-Mobile Arena,Las Vegas,Nevada,United States,18471
UFC on ESPN, Font , Aldo,"Dec 4, 2021",UFC Apex,Las Vegas,Nevada,United States,NA
UFC Fight Night, Vieira , Tate,"Nov 20, 2021",UFC Apex,Las Vegas,Nevada,United States,NA
UFC Fight Night, Holloway , Rodríguez,"Nov 13, 2021",UFC Apex,Las Vegas,Nevada,United States,NA
UFC 268, Usman , Covington ,"Nov 6, 2021",Madison Square Garden,New York City,New York,United States,20715
UFC 267, Błachowicz , Teixeira,"Oct 30, 2021",Etihad Arena,Abu Dhabi,NA,United Arab Emirates,10171
UFC Fight Night, Costa , Vettori,"Oct 23, 2021",UFC Apex,Las Vegas,Nevada,United States,NA
UFC Fight Night, Ladd , Dumont,"Oct 16, 2021",UFC Apex,Las Vegas,Nevada,United States,NA
UFC Fight Night, Dern , Rodriguez,"Oct 9, 2021",UFC Apex,Las Vegas,Nevada,United States,NA
UFC Fight Night, Santos , Walker,"Oct 2, 2021",UFC Apex,Las Vegas,Nevada,United States,NA
UFC 266, Volkano,i vs. Ortega,"Sep 25, 2021",T-Mobile Arena,Las Vegas,Nevada,United States,19029
UFC Fight Night, Smith , Spann,"Sep 18, 2021",UFC Apex,Las Vegas,Nevada,United States,NA
UFC Fight Night, Brunson , Till,"Sep 4, 2021",UFC Apex,Las Vegas,Nevada,United States,NA
UFC on ESPN, Barboza , Chikadze,"Aug 28, 2021",UFC Apex,Las Vegas,Nevada,United States,NA
UFC on ESPN, Cannonier , Gastelum,"Aug 21, 2021",UFC Apex,Las Vegas,Nevada,United States,NA
UFC 265, Lewis , Gane,"Aug 7, 2021",Toyota Center,Houston,Texas,United States,16604
UFC on ESPN, Hall , Strickland,"Jul 31, 2021",UFC Apex,Las Vegas,Nevada,United States,NA
UFC on ESPN, Sandhagen , Dillashaw,"Jul 24, 2021",UFC Apex,Las Vegas,Nevada,United States,51
UFC on ESPN, Makhachev , Moisés,"Jul 17, 2021",UFC Apex,Las Vegas,Nevada,United States,0
UFC 264, Poirier , McGregor ,"Jul 10, 2021",T-Mobile Arena,Las Vegas,Nevada,United States,20062
UFC Fight Night, Gane , Volkov,"Jun 26, 2021",UFC Apex,Las Vegas,Nevada,United States,0
UFC on ESPN, The Korean Zombie , Ige,"Jun 19, 2021",UFC Apex,Las Vegas,Nevada,United States,0
UFC 263, Adesanya , Vettori ,"Jun 12, 2021",Gila River Arena,Glendale,Arizona,United States,17208
UFC Fight Night, Rozenstruik , Sakai,"Jun 5, 2021",UFC Apex,Las Vegas,Nevada,United States,0
UFC Fight Night, Font , Garbrandt,"May 22, 2021",UFC Apex,Las Vegas,Nevada,United States,0
UFC 262, Oliveira , Chandler,"May 15, 2021",Toyota Center,Houston,Texas,United States,16005
UFC on ESPN, Rodriguez , Waterson,"May 8, 2021",UFC Apex,Las Vegas,Nevada,United States,0
UFC on ESPN, Reyes , Procházka,"May 1, 2021",UFC Apex,Las Vegas,Nevada,United States,0
UFC 261, Usman , Masvidal ,"Apr 24, 2021",VyStar Veterans Memorial Arena,Jacksonville,Florida,United States,15269
UFC on ESPN, Whittaker , Gastelum,"Apr 17, 2021",UFC Apex,Las Vegas,Nevada,United States,0
UFC on ABC, Vettori , Holland,"Apr 10, 2021",UFC Apex,Las Vegas,Nevada,United States,0
UFC 260, Miocic , Ngannou ,"Mar 27, 2021",UFC Apex,Las Vegas,Nevada,United States,0
UFC on ESPN, Brunson , Holland,"Mar 20, 2021",UFC Apex,Las Vegas,Nevada,United States,0
UFC Fight Night, Edwards , Muhammad,"Mar 13, 2021",UFC Apex,Las Vegas,Nevada,United States,0
UFC 259, Błachowicz , Adesanya,"Mar 6, 2021",UFC Apex,Las Vegas,Nevada,United States,0
UFC Fight Night, Rozenstruik , Gane,"Feb 27, 2021",UFC Apex,Las Vegas,Nevada,United States,0
UFC Fight Night, Blaydes , Lewis,"Feb 20, 2021",UFC Apex,Las Vegas,Nevada,United States,0
UFC 258, Usman , Burns,"Feb 13, 2021",UFC Apex,Las Vegas,Nevada,United States,0
UFC Fight Night, Overeem , Volkov,"Feb 6, 2021",UFC Apex,Las Vegas,Nevada,United States,0
UFC 257, Poirier , McGregor ,"Jan 24, 2021",Etihad Arena,Abu Dhabi,NA,United Arab Emirates,2600
UFC on ESPN, Chiesa , Magny,"Jan 20, 2021",Etihad Arena,Abu Dhabi,NA,United Arab Emirates,2000
UFC on ABC, Holloway , Kattar,"Jan 16, 2021",Etihad Arena,Abu Dhabi,NA,United Arab Emirates,2000
UFC Fight Night, Thompson , Neal,"Dec 19, 2020",UFC Apex,Las Vegas,Nevada,United States,0
UFC 256, Figueiredo , Moreno,"Dec 12, 2020",UFC Apex,Las Vegas,Nevada,United States,0
UFC on ESPN, Hermansson , Vettori,"Dec 5, 2020",UFC Apex,Las Vegas,Nevada,United States,0
UFC on ESPN, Smith , Clark,"Nov 28, 2020",UFC Apex,Las Vegas,Nevada,United States,0
UFC 255, Figueiredo , Perez,"Nov 21, 2020",UFC Apex,Las Vegas,Nevada,United States,0
UFC Fight Night, Felder , dos Anjos,"Nov 14, 2020",UFC Apex,Las Vegas,Nevada,United States,0
UFC on ESPN, Santos , Teixeira,"Nov 7, 2020",UFC Apex,Las Vegas,Nevada,United States,0
UFC Fight Night, Hall , Silva,"Oct 31, 2020",UFC Apex,Las Vegas,Nevada,United States,0
UFC 254, Khabib , Gaethje,"Oct 24, 2020",du Forum,Abu Dhabi,NA,United Arab Emirates,0
UFC Fight Night, Ortega , The Korean Zombie,"Oct 18, 2020",du Forum,Abu Dhabi,NA,United Arab Emirates,0
UFC Fight Night, Moraes , Sandhagen,"Oct 11, 2020",du Forum,Abu Dhabi,NA,United Arab Emirates,0
UFC on ESPN, Holm , Aldana,"Oct 4, 2020",du Forum,Abu Dhabi,NA,United Arab Emirates,0
UFC 253, Adesanya , Costa,"Sep 27, 2020",du Forum,Abu Dhabi,NA,United Arab Emirates,0
UFC Fight Night, Covington , Woodley,"Sep 19, 2020",UFC Apex,Las Vegas,Nevada,United States,0
UFC Fight Night, Waterson , Hill,"Sep 12, 2020",UFC Apex,Las Vegas,Nevada,United States,0
UFC Fight Night, Overeem , Sakai,"Sep 5, 2020",UFC Apex,Las Vegas,Nevada,United States,0
UFC Fight Night, Smith , Rakić,"Aug 29, 2020",UFC Apex,Las Vegas,Nevada,United States,0
UFC on ESPN, Munhoz , Edgar,"Aug 22, 2020",UFC Apex,Las Vegas,Nevada,United States,0
UFC 252, Miocic , Cormier ,"Aug 15, 2020",UFC Apex,Las Vegas,Nevada,United States,0
UFC Fight Night, Lewis , Oleinik,"Aug 8, 2020",UFC Apex,Las Vegas,Nevada,United States,0
UFC Fight Night, Brunson , Shahbazyan,"Aug 1, 2020",UFC Apex,Las Vegas,Nevada,United States,0
UFC on ESPN, Whittaker , Till,"Jul 26, 2020",du Forum,Abu Dhabi,NA,United Arab Emirates,0
UFC Fight Night, Figueiredo , Benavidez ,"Jul 19, 2020",du Forum,Abu Dhabi,NA,United Arab Emirates,0
UFC on ESPN, Kattar , Ige,"Jul 16, 2020",du Forum,Abu Dhabi,NA,United Arab Emirates,0
UFC 251, Usman , Masvidal,"Jul 12, 2020",du Forum,Abu Dhabi,NA,United Arab Emirates,0
UFC on ESPN, Poirier , Hooker,"Jun 27, 2020",UFC Apex,Las Vegas,Nevada,United States,0
UFC on ESPN, Blaydes , Volkov,"Jun 20, 2020",UFC Apex,Las Vegas,Nevada,United States,0
UFC on ESPN, Eye , Calvillo,"Jun 13, 2020",UFC Apex,Las Vegas,Nevada,United States,0
UFC 250, Nunes , Spencer,"Jun 6, 2020",UFC Apex,Las Vegas,Nevada,United States,0
UFC on ESPN, Woodley , Burns,"May 30, 2020",UFC Apex,Las Vegas,Nevada,United States,0
UFC on ESPN, Overeem , Harris,"May 16, 2020",VyStar Veterans Memorial Arena,Jacksonville,Florida,United States,0
UFC Fight Night, Smith , Teixeira,"May 13, 2020",VyStar Veterans Memorial Arena,Jacksonville,Florida,United States,0
UFC 249, Ferguson , Gaethje,"May 9, 2020",VyStar Veterans Memorial Arena,Jacksonville,Florida,United States,0
UFC Fight Night, Hermansson , Weidman,"May 2, 2020",Chesapeake Energy Arena,Oklahoma City,Oklahoma,United States,NA
UFC Fight Night, Smith , Teixeira,"Apr 25, 2020",Pinnacle Bank Arena,Lincoln,Nebraska,United States,NA
UFC Fight Night, Overeem , Harris,"Apr 11, 2020",Moda Center,Portland,Oregon,United States,NA
UFC on ESPN, Ngannou , Rozenstruik,"Mar 28, 2020",Nationwide Arena,Columbus,Ohio,United States,NA
UFC Fight Night, Woodley , Edwards,"Mar 21, 2020",The O2 Arena,London,England,United Kingdom,NA
UFC Fight Night, Lee , Oliveira,"Mar 14, 2020",Ginásio Nilson Nelson,Brasília,NA,Brazil,0
UFC 248, Adesanya , Romero,"Mar 7, 2020",T-Mobile Arena,Las Vegas,Nevada,United States,15077
UFC Fight Night, Benavidez , Figueiredo,"Feb 29, 2020",Chartway Arena,Norfolk,Virginia,United States,7098
UFC Fight Night, Felder , Hooker,"Feb 23, 2020",Spark Arena,Auckland,NA,New Zealand,10025
UFC Fight Night, Anderson , Błachowicz ,"Feb 15, 2020",Santa Ana Star Center,Rio Rancho,New Mexico,United States,6449
UFC 247, Jones , Reyes,"Feb 8, 2020",Toyota Center,Houston,Texas,United States,17401
UFC Fight Night, Blaydes , dos Santos,"Jan 25, 2020",PNC Arena,Raleigh,North Carolina,United States,14533
UFC 246, McGregor , Cowboy,"Jan 18, 2020",T-Mobile Arena,Las Vegas,Nevada,United States,19040
UFC Fight Night, Edgar , The Korean Zombie,"Dec 21, 2019",Sajik Arena,Busan,NA,South Korea,10651
UFC 245, Usman , Covington,"Dec 14, 2019",T-Mobile Arena,Las Vegas,Nevada,United States,16811
UFC on ESPN, Overeem , Rozenstruik,"Dec 7, 2019",Capital One Arena,Washington,D.C.,United States,10816
UFC Fight Night, Błachowicz , Jacaré,"Nov 16, 2019",Ginásio do Ibirapuera,São Paulo,NA,Brazil,10344
UFC Fight Night, Magomedsharipov , Kattar,"Nov 9, 2019",CSKA Arena,Moscow,NA,Russia,11305
UFC 244, Masvidal , Diaz,"Nov 2, 2019",Madison Square Garden,New York City,New York,United States,20143
UFC Fight Night, Maia , Askren,"Oct 26, 2019",Singapore Indoor Stadium,Kallang,NA,Singapore,7155
UFC on ESPN, Reyes , Weidman,"Oct 18, 2019",TD Garden,Boston,Massachusetts,United States,12066
UFC Fight Night, Joanna , Waterson,"Oct 12, 2019",Amalie Arena,Tampa,Florida,United States,10597
UFC 243, Whittaker , Adesanya,"Oct 5, 2019",Marvel Stadium,Melbourne,NA,Australia,57127
UFC Fight Night, Hermansson , Cannonier,"Sep 28, 2019",Royal Arena,Copenhagen,NA,Denmark,12767
UFC Fight Night, Rodríguez , Stephens,"Sep 21, 2019",Arena Ciudad de México,Mexico City,NA,Mexico,10112
UFC Fight Night, Cowboy , Gaethje,"Sep 14, 2019",Rogers Arena,Vancouver,British Columbia,Canada,15114
UFC 242, Khabib , Poirier,"Sep 7, 2019","The Arena, Yas Island",Abu Dhabi,NA,United Arab Emirates,NA
UFC Fight Night, Andrade , Zhang,"Aug 31, 2019",Shenzhen Universiade Sports Centre,Shenzhen,NA,China,10302
UFC 241, Cormier , Miocic ,"Aug 17, 2019",Honda Center,Anaheim,California,United States,17304
UFC Fight Night, Shevchenko , Carmouche ,"Aug 10, 2019",Antel Arena,Montevideo,NA,Uruguay,9225
UFC on ESPN, Covington , Lawler,"Aug 3, 2019",Prudential Center,Newark,New Jersey,United States,10427
UFC 240, Holloway , Edgar,"Jul 27, 2019",Rogers Place,Edmonton,Alberta,Canada,12144
UFC on ESPN, dos Anjos , Edwards,"Jul 20, 2019",AT&T Center,San Antonio,Texas,United States,9255
UFC Fight Night, de Randamie , Ladd,"Jul 13, 2019",Golden 1 Center,Sacramento,California,United States,10306
UFC 239, Jones , Santos,"Jul 6, 2019",T-Mobile Arena,Las Vegas,Nevada,United States,18358
UFC on ESPN, Ngannou , dos Santos,"Jun 29, 2019",Target Center,Minneapolis,Minnesota,United States,10123
UFC Fight Night, Moicano , The Korean Zombie,"Jun 22, 2019",Bon Secours Wellness Arena,Greenville,South Carolina,United States,7682
UFC 238, Cejudo , Moraes,"Jun 8, 2019",United Center,Chicago,Illinois,United States,16083
UFC Fight Night, Gustafsson , Smith,"Jun 1, 2019",Avicii Arena,Stockholm,NA,Sweden,14319
UFC Fight Night, dos Anjos , Lee,"May 18, 2019",Blue Cross Arena,Rochester,New York,United States,8132
UFC 237, Namajunas , Andrade,"May 11, 2019",Jeunesse Arena,Rio de Janeiro,NA,Brazil,15193
UFC Fight Night, Iaquinta , Cowboy,"May 4, 2019",Canadian Tire Centre,Ottawa,Ontario,Canada,10960
UFC Fight Night, Jacaré , Hermansson,"Apr 27, 2019",Amerat Bank Arena,Sunrise,Florida,United States,12754
UFC Fight Night, Overeem , Oleinik,"Apr 20, 2019",Yubileyny Sports Palace,Saint Petersburg,NA,Russia,7236
UFC 236, Holloway , Poirier ,"Apr 13, 2019",State Farm Arena,Atlanta,Georgia,United States,14297
UFC on ESPN, Barboza , Gaethje,"Mar 30, 2019",Wells Fargo Center,Philadelphia,Pennsylvania,United States,11123
UFC Fight Night, Thompson , Pettis,"Mar 23, 2019",Bridgestone Arena,Nashville,Tennessee,United States,10863
UFC Fight Night, Till , Masvidal,"Mar 16, 2019",The O2 Arena,London,England,United Kingdom,16602
UFC Fight Night, Lewis , dos Santos,"Mar 9, 2019",Intrust Bank Arena,Wichita,Kansas,United States,7265
UFC 235, Jones , Smith,"Mar 2, 2019",T-Mobile Arena,Las Vegas,Nevada,United States,14790
UFC Fight Night, Błachowicz , Santos,"Feb 23, 2019",O2 Arena,Prague,NA,Czech Republic,16583
UFC on ESPN, Ngannou , Velasquez,"Feb 17, 2019",Talking Stick Resort Arena,Phoenix,Arizona,United States,14269
UFC 234, Adesanya , Silva,"Feb 10, 2019",Rod Laver Arena,Melbourne,NA,Australia,15238
UFC Fight Night, Assunção , Moraes ,"Feb 2, 2019",Centro de Formação Olímpica do Nordeste,Fortaleza,NA,Brazil,10040
UFC 233, Cejudo , Dillashaw,"Jan 26, 2019",Honda Center,Anaheim,California,United States,NA
UFC Fight Night, Cejudo , Dillashaw,"Jan 19, 2019",Barclays Center,New York,New York,United States,12152
UFC 232, Jones , Gustafsson ,"Dec 29, 2018",The Forum,Inglewood,California,United States,15862
UFC on Fox, Lee , Iaquinta ,"Dec 15, 2018",Fiserv Forum,Milwaukee,Wisconsin,United States,9010
UFC 231, Holloway , Ortega,"Dec 8, 2018",Scotiabank Arena,Toronto,Ontario,Canada,19039
UFC Fight Night, dos Santos , Tuivasa,"Dec 2, 2018",Adelaide Entertainment Centre,Adelaide,NA,Australia,8652
The Ultimate Fighter, Heavy Hitters Finale,NA,"Nov 30, 2018",Pearl Theatre,Las Vegas,Nevada,United States,2020
UFC Fight Night, Blaydes , Ngannou ,"Nov 24, 2018",Cadillac Arena,Beijing,NA,China,10302
UFC Fight Night, Magny , Ponzinibbio,"Nov 17, 2018",Estadio Mary Terán de Weiss,Buenos Aires,NA,Argentina,10245
UFC Fight Night, The Korean Zombie , Rodríguez,"Nov 10, 2018",Pepsi Center,Denver,Colorado,United States,11426
UFC 230, Cormier , Lewis,"Nov 3, 2018",Madison Square Garden,New York City,New York,United States,17011
UFC Fight Night, Volkan , Smith,"Oct 27, 2018",Avenir Centre,Moncton,New Brunswick,Canada,6282
UFC 229, Khabib , McGregor,"Oct 6, 2018",T-Mobile Arena,Las Vegas,Nevada,United States,20034
UFC Fight Night, Santos , Anders,"Sep 22, 2018",Ginásio do Ibirapuera,São Paulo,NA,Brazil,9485
UFC Fight Night, Hunt , Oleinik,"Sep 15, 2018",Olimpiyskiy Stadium,Moscow,NA,Russia,22603
UFC 228, Woodley , Till,"Sep 8, 2018",American Airlines Center,Dallas,Texas,United States,14073
UFC Fight Night, Gaethje , Vick,"Aug 25, 2018",Pinnacle Bank Arena,Lincoln,Nebraska,United States,6409
UFC 227, Dillashaw , Garbrandt ,"Aug 4, 2018",Staples Center,Los Angeles,California,United States,17794
UFC on Fox, Alvarez , Poirier ,"Jul 28, 2018",Scotiabank Saddledome,Calgary,Alberta,Canada,10603
UFC Fight Night, Shogun , Smith,"Jul 22, 2018",Barclaycard Arena,Hamburg,NA,Germany,7798
UFC Fight Night, dos Santos , Ivanov,"Jul 14, 2018",CenturyLink Arena,Boise,Idaho,United States,5648
UFC 226, Miocic , Cormier,"Jul 7, 2018",T-Mobile Arena,Las Vegas,Nevada,United States,17464
The Ultimate Fighter, Undefeated Finale,NA,"Jul 6, 2018",Palms Casino Resort,Las Vegas,Nevada,United States,2123
UFC Fight Night, Cowboy , Edwards,"Jun 23, 2018",Singapore Indoor Stadium,Kallang,NA,Singapore,6419
UFC 225, Whittaker , Romero ,"Jun 9, 2018",United Center,Chicago,Illinois,United States,18117
UFC Fight Night, Rivera , Moraes,"Jun 1, 2018",Adirondack Bank Center,Utica,New York,United States,5063
UFC Fight Night, Thompson , Till,"May 27, 2018",Echo Arena,Liverpool,England,United Kingdom,8520
UFC Fight Night, Maia , Usman,"May 19, 2018",Movistar Arena,Santiago,NA,Chile,11082
UFC 224, Nunes , Pennington,"May 12, 2018",Jeunesse Arena,Rio de Janeiro,NA,Brazil,10696
UFC Fight Night, Barboza , Lee,"Apr 21, 2018",Boardwalk Hall,Atlantic City,New Jersey,United States,9541
UFC on Fox, Poirier , Gaethje,"Apr 14, 2018",Gila River Arena,Glendale,Arizona,United States,11382
UFC 223, Khabib , Iaquinta,"Apr 7, 2018",Barclays Center,New York,New York,United States,17026
UFC Fight Night, Werdum , Volkov,"Mar 17, 2018",The O2 Arena,London,England,United Kingdom,16274
UFC 222, Cyborg , Kunitskaya,"Mar 3, 2018",T-Mobile Arena,Las Vegas,Nevada,United States,12041
UFC on Fox, Emmett , Stephens,"Feb 24, 2018",Amway Center,Orlando,Florida,United States,10124
UFC Fight Night, Cowboy , Medeiros,"Feb 18, 2018",Frank Erwin Center,Austin,Texas,United States,10502
UFC 221, Romero , Rockhold,"Feb 11, 2018",Perth Arena,Perth,NA,Australia,12437
UFC Fight Night, Machida , Anders,"Feb 3, 2018",Arena Guilherme Paraense,Belém,NA,Brazil,10144
UFC on Fox, Jacaré , Brunson ,"Jan 27, 2018",Spectrum Center,Charlotte,North Carolina,United States,10249
UFC 220, Miocic , Ngannou,"Jan 20, 2018",TD Garden,Boston,Massachusetts,United States,16015
UFC Fight Night, Stephens , Choi,"Jan 14, 2018",Scottrade Center,St. Louis,Missouri,United States,10052
UFC 219, Cyborg , Holm,"Dec 30, 2017",T-Mobile Arena,Las Vegas,Nevada,United States,13561
UFC on Fox, Lawler , dos Anjos,"Dec 16, 2017",Canada Life Centre,Winnipeg,Manitoba,Canada,8862
UFC Fight Night, Swanson , Ortega,"Dec 9, 2017",Save Mart Center,Fresno,California,United States,7605
UFC 218, Holloway , Aldo ,"Dec 2, 2017",Little Caesars Arena,Detroit,Michigan,United States,17587
The Ultimate Fighter, A New World Champion Finale,NA,"Dec 1, 2017",Park Theater,Las Vegas,Nevada,United States,NA
UFC Fight Night, Bisping , Gastelum,"Nov 25, 2017",Mercedes-Benz Arena,Shanghai,NA,China,15128
UFC Fight Night, Werdum , Tybura,"Nov 19, 2017",Qudos Bank Arena,Sydney,NA,Australia,10021
UFC Fight Night, Poirier , Pettis,"Nov 11, 2017",Ted Constant Convocation Center,Norfolk,Virginia,United States,8442
UFC 217, Bisping , St-Pierre,"Nov 4, 2017",Madison Square Garden,New York City,New York,United States,18201
UFC Fight Night, Brunson , Machida,"Oct 28, 2017",Ginásio do Ibirapuera,São Paulo,NA,Brazil,10265
UFC Fight Night, Cowboy , Till,"Oct 21, 2017",Ergo Arena,Gdańsk,NA,Poland,11138
UFC 216, Ferguson , Lee,"Oct 7, 2017",T-Mobile Arena,Las Vegas,Nevada,United States,10638
UFC Fight Night, Saint Preux , Okami,"Sep 23, 2017",Saitama Super Arena,Saitama,NA,Japan,8571
UFC Fight Night, Rockhold , Branch,"Sep 16, 2017",PPG Paints Arena,Pittsburgh,Pennsylvania,United States,7005
UFC 215, Nunes , Shevchenko ,"Sep 9, 2017",Rogers Place,Edmonton,Alberta,Canada,16232
UFC Fight Night, Volkov , Struve,"Sep 2, 2017",Rotterdam Ahoy,Rotterdam,NA,Netherlands,10224
UFC Fight Night, Pettis , Moreno,"Aug 5, 2017",Arena Ciudad de México,Mexico City,NA,Mexico,10172
UFC 214, Cormier , Jones ,"Jul 29, 2017",Honda Center,Anaheim,California,United States,16610
UFC on Fox, Weidman , Gastelum,"Jul 22, 2017",Nassau Veterans Memorial Coliseum,Hempstead,New York,United States,11198
UFC Fight Night, Nelson , Ponzinibbio,"Jul 16, 2017",The SSE Hydro,Glasgow,Scotland,United Kingdom,10589
UFC 213, Romero , Whittaker,"Jul 8, 2017",T-Mobile Arena,Las Vegas,Nevada,United States,12834
The Ultimate Fighter, Redemption Finale,NA,"Jul 7, 2017",T-Mobile Arena,Las Vegas,Nevada,United States,6308
UFC Fight Night, Chiesa , Lee,"Jun 25, 2017",Chesapeake Energy Arena,Oklahoma City,Oklahoma,United States,7605
UFC Fight Night, Holm , Correia,"Jun 17, 2017",Singapore Indoor Stadium,Kallang,NA,Singapore,8414
UFC Fight Night, Lewis , Hunt,"Jun 11, 2017",Spark Arena,Auckland,NA,New Zealand,8649
UFC 212, Aldo , Holloway,"Jun 3, 2017",Jeunesse Arena,Rio de Janeiro,NA,Brazil,15412
UFC Fight Night, Gustafsson , Teixeira,"May 28, 2017",Ericsson Globe,Stockholm,NA,Sweden,12668
UFC 211, Miocic , dos Santos ,"May 13, 2017",American Airlines Center,Dallas,Texas,United States,17834
UFC Fight Night, Swanson , Lobov,"Apr 22, 2017",Bridgestone Arena,Nashville,Tennessee,United States,10144
UFC on Fox, Johnson , Reis,"Apr 15, 2017",Sprint Center,Kansas City,Missouri,United States,12171
UFC 210, Cormier , Johnson ,"Apr 8, 2017",KeyBank Center,Buffalo,New York,United States,17110
UFC Fight Night, Manuwa , Anderson,"Mar 18, 2017",The O2 Arena,London,England,United Kingdom,15761
UFC Fight Night, Belfort , Gastelum,"Mar 11, 2017",Centro de Formação Olímpica do Nordeste,Fortaleza,NA,Brazil,14069
UFC 209, Woodley , Thompson ,"Mar 4, 2017",T-Mobile Arena,Las Vegas,Nevada,United States,13150
UFC Fight Night, Lewis , Browne,"Feb 19, 2017",Scotiabank Centre,Halifax,Nova Scotia,Canada,8123
UFC 208, Holm , de Randamie,"Feb 11, 2017",Barclays Center,New York City,New York,United States,15628
UFC Fight Night, Bermudez , The Korean Zombie,"Feb 4, 2017",Toyota Center,Houston,Texas,United States,8119
UFC on Fox, Shevchenko , Peña,"Jan 28, 2017",Pepsi Center,Denver,Colorado,United States,13233
UFC Fight Night, Rodríguez , Penn,"Jan 15, 2017",Talking Stick Resort Arena,Phoenix,Arizona,United States,11589
UFC 207, Nunes , Rousey,"Dec 30, 2016",T-Mobile Arena,Las Vegas,Nevada,United States,18533
UFC on Fox, VanZant , Waterson,"Dec 17, 2016",Golden 1 Center,Sacramento,California,United States,13136
UFC 206, Holloway , Pettis,"Dec 10, 2016",Scotiabank Arena,Toronto,Ontario,Canada,18057
UFC Fight Night, Lewis , Abdurakhimov,"Dec 9, 2016",Times Union Center,Albany,New York,United States,6216
The Ultimate Fighter, Tournament of Champions Finale,NA,"Dec 3, 2016",Palms Casino Resort,Las Vegas,Nevada,United States,2044
UFC Fight Night, Whittaker , Brunson,"Nov 27, 2016",Rod Laver Arena,Melbourne,NA,Australia,13721
UFC Fight Night, Bader , Nogueira ,"Nov 19, 2016",Ginásio do Ibirapuera,São Paulo,NA,Brazil,9028
UFC Fight Night, Mousasi , Hall ,"Nov 19, 2016",The SSE Arena,Belfast,Northern Ireland,United Kingdom,7222
UFC 205, Alvarez , McGregor,"Nov 12, 2016",Madison Square Garden,New York City,New York,United States,20427
The Ultimate Fighter Latin America 3 Finale, dos Anjos , Ferguson,"Nov 5, 2016",Arena Ciudad de México,Mexico City,NA,Mexico,11460
UFC Fight Night, Lamas , Penn,"Oct 15, 2016",Mall of Asia Arena,Pasay,NA,Philippines,NA
UFC 204, Bisping , Henderson ,"Oct 8, 2016",AO Arena,Manchester,England,United Kingdom,16000
UFC Fight Night, Lineker , Dodson,"Oct 1, 2016",Moda Center,Portland,Oregon,United States,6240
UFC Fight Night, Cyborg , Länsberg,"Sep 24, 2016",Ginásio Nilson Nelson,Brasília,NA,Brazil,8410
UFC Fight Night, Poirier , Johnson,"Sep 17, 2016",State Farm Arena,Hidalgo,Texas,United States,5624
UFC 203, Miocic , Overeem,"Sep 10, 2016",Quicken Loans Arena,Cleveland,Ohio,United States,18875
UFC Fight Night, Arlo,i vs. Barnett,"Sep 3, 2016",Barclaycard Arena,Hamburg,NA,Germany,11763
UFC on Fox, Maia , Condit,"Aug 27, 2016",Rogers Arena,Vancouver,British Columbia,Canada,10533
UFC 202, Diaz , McGregor ,"Aug 20, 2016",T-Mobile Arena,Las Vegas,Nevada,United States,15539
UFC Fight Night, Rodríguez , Caceres,"Aug 6, 2016",Vivint Smart Home Arena,Salt Lake City,Utah,United States,6689
UFC 201, Lawler , Woodley,"Jul 30, 2016",Philips Arena,Atlanta,Georgia,United States,10240
UFC on Fox, Holm , Shevchenko,"Jul 23, 2016",United Center,Chicago,Illinois,United States,10287
UFC Fight Night, McDonald , Lineker,"Jul 13, 2016",Denny Sanford Premier Center,Sioux Falls,South Dakota,United States,5671
UFC 200, Tate , Nunes,"Jul 9, 2016",T-Mobile Arena,Las Vegas,Nevada,United States,18202
The Ultimate Fighter, Team Joanna , Team Cláudia Finale,"Jul 8, 2016",MGM Grand Garden Arena,Las Vegas,Nevada,United States,8115
UFC Fight Night, dos Anjos , Alvarez,"Jul 7, 2016",MGM Grand Garden Arena,Las Vegas,Nevada,United States,7760
UFC Fight Night, MacDonald , Thompson,"Jun 18, 2016",TD Place Arena,Ottawa,Ontario,Canada,10490
UFC 199, Rockhold , Bisping ,"Jun 4, 2016",The Forum,Inglewood,California,United States,15587
UFC Fight Night, Almeida , Garbrandt,"May 29, 2016",Mandalay Bay Events Center,Las Vegas,Nevada,United States,5193
UFC 198, Werdum , Miocic,"May 14, 2016",Arena da Baixada,Curitiba,NA,Brazil,45207
UFC Fight Night, Overeem , Arlovski,"May 8, 2016",Rotterdam Ahoy,Rotterdam,NA,Netherlands,10421
UFC 197, Jones , Saint Preux,"Apr 23, 2016",MGM Grand Garden Arena,Las Vegas,Nevada,United States,11352
UFC on Fox, Teixeira , Evans,"Apr 16, 2016",Amalie Arena,Tampa,Florida,United States,11273
UFC Fight Night, Rothwell , dos Santos,"Apr 10, 2016",Arena Zagreb,Zagreb,NA,Croatia,13177
UFC Fight Night, Hunt , Mir,"Mar 20, 2016",Brisbane Entertainment Centre,Brisbane,NA,Australia,9552
UFC 196, McGregor , Diaz,"Mar 5, 2016",MGM Grand Garden Arena,Las Vegas,Nevada,United States,14898
UFC Fight Night, Silva , Bisping,"Feb 27, 2016",The O2 Arena,London,England,United Kingdom,16734
UFC Fight Night, Cowboy , Cowboy,"Feb 21, 2016",Consol Energy Center,Pittsburgh,Pennsylvania,United States,7330
UFC Fight Night, Hendricks , Thompson,"Feb 6, 2016",MGM Grand Garden Arena,Las Vegas,Nevada,United States,7422
UFC on Fox, Johnson , Bader,"Jan 30, 2016",Prudential Center,Newark,New Jersey,United States,10555
UFC Fight Night, Dillashaw , Cruz,"Jan 17, 2016",TD Garden,Boston,Massachusetts,United States,12022
UFC 195, Lawler , Condit,"Jan 2, 2016",MGM Grand Garden Arena,Las Vegas,Nevada,United States,10300
UFC on Fox, dos Anjos , Cowboy ,"Dec 19, 2015",Amway Center,Orlando,Florida,United States,14459
UFC 194, Aldo , McGregor,"Dec 12, 2015",MGM Grand Garden Arena,Las Vegas,Nevada,United States,16516
The Ultimate Fighter, Team McGregor , Team Faber Finale,"Dec 11, 2015",The Chelsea at The Cosmopolitan,Las Vegas,Nevada,United States,2566
UFC Fight Night, Namajunas , VanZant,"Dec 10, 2015",The Chelsea at The Cosmopolitan,Las Vegas,Nevada,United States,1643
UFC Fight Night, Henderson , Masvidal,"Nov 28, 2015",Olympic Gymnastics Arena,Seoul,NA,South Korea,12156
The Ultimate Fighter Latin America 2 Finale, Magny , Gastelum,"Nov 21, 2015",Arena Monterrey,Monterrey,NA,Mexico,10410
UFC 193, Rousey , Holm,"Nov 15, 2015",Marvel Stadium,Melbourne,NA,Australia,56214
UFC Fight Night, Belfort , Henderson ,"Nov 7, 2015",Ginásio do Ibirapuera,São Paulo,NA,Brazil,10628
UFC Fight Night, Holohan , Smolka,"Oct 24, 2015",3Arena,Dublin,NA,Ireland,9500
UFC 192, Cormier , Gustafsson,"Oct 3, 2015",Toyota Center,Houston,Texas,United States,14622
UFC Fight Night, Barnett , Nelson,"Sep 27, 2015",Saitama Super Arena,Saitama,NA,Japan,10137
UFC 191, Johnson , Dodson ,"Sep 5, 2015",MGM Grand Garden Arena,Las Vegas,Nevada,United States,10873
UFC Fight Night, Holloway , Oliveira,"Aug 23, 2015",SaskTel Centre,Saskatoon,Saskatchewan,Canada,7202
UFC Fight Night, Teixeira , Saint Preux,"Aug 8, 2015",Bridgestone Arena,Nashville,Tennessee,United States,7539
UFC 190, Rousey , Correia,"Aug 1, 2015",HSBC Arena,Rio de Janeiro,NA,Brazil,14723
UFC on Fox, Dillashaw , Barão ,"Jul 25, 2015",United Center,Chicago,Illinois,United States,11663
UFC Fight Night, Bisping , Leites,"Jul 18, 2015",The SSE Hydro,Glasgow,Scotland,United Kingdom,10451
UFC Fight Night, Mir , Duffee,"Jul 15, 2015",Pechanga Arena,San Diego,California,United States,5471
The Ultimate Fighter, American Top Team , Blackzilians Finale,"Jul 12, 2015",MGM Grand Garden Arena,Las Vegas,Nevada,United States,4844
UFC 189, Mendes , McGregor,"Jul 11, 2015",MGM Grand Garden Arena,Las Vegas,Nevada,United States,16019
UFC Fight Night, Machida , Romero,"Jun 27, 2015",Seminole Hard Rock Hotel and Casino,Hollywood,Florida,United States,5604
UFC Fight Night, Jędrzejczyk , Penne,"Jun 20, 2015",Uber Arena,Berlin,NA,Germany,8155
UFC 188, Velasquez , Werdum,"Jun 13, 2015",Arena Ciudad de México,Mexico City,NA,Mexico,21036
UFC Fight Night, Boetsch , Henderson,"Jun 6, 2015",Smoothie King Center,New Orleans,Louisiana,United States,6231
UFC Fight Night, Condit , Alves,"May 30, 2015",Goiânia Arena,Goiânia,NA,Brazil,3500
UFC 187, Johnson , Cormier,"May 23, 2015",MGM Grand Garden Arena,Las Vegas,Nevada,United States,12615
UFC Fight Night, Edgar , Faber,"May 16, 2015",Mall of Asia Arena,Pasay,NA,Philippines,13446
UFC Fight Night, Miocic , Hunt,"May 10, 2015",Adelaide Entertainment Centre,Adelaide,NA,Australia,7984
UFC 186, Johnson , Horiguchi,"Apr 25, 2015",Bell Centre,Montreal,Quebec,Canada,10154
UFC on Fox, Machida , Rockhold,"Apr 18, 2015",Prudential Center,Newark,New Jersey,United States,13306
UFC Fight Night, Gonzaga , Cro Cop ,"Apr 11, 2015",Tauron Arena Kraków,Kraków,NA,Poland,10000
UFC Fight Night, Mendes , Lamas,"Apr 4, 2015",Patriot Center,Fairfax,Virginia,United States,5417
UFC Fight Night, Maia , LaFlare,"Mar 21, 2015",Ginásio do Maracanãzinho,Rio de Janeiro,NA,Brazil,7707
UFC 185, Pettis , dos Anjos,"Mar 14, 2015",American Airlines Center,Dallas,Texas,United States,17160
UFC 184, Rousey , Zingano,"Feb 28, 2015",Staples Center,Los Angeles,California,United States,17654
UFC Fight Night, Bigfoot , Mir,"Feb 22, 2015",Ginásio Gigantinho,Porto Alegre,NA,Brazil,5080
UFC Fight Night, Henderson , Thatch,"Feb 14, 2015",1stBank Center,Broomfield,Colorado,United States,5807
UFC 183, Silva , Diaz,"Jan 31, 2015",MGM Grand Garden Arena,Las Vegas,Nevada,United States,13114
UFC on Fox, Gustafsson , Johnson,"Jan 24, 2015",Tele2 Arena,Stockholm,NA,Sweden,30000
UFC Fight Night, McGregor , Siver,"Jan 18, 2015",TD Garden,Boston,Massachusetts,United States,13828
UFC 182, Jones , Cormier,"Jan 3, 2015",MGM Grand Garden Arena,Las Vegas,Nevada,United States,11575
UFC Fight Night, Machida , Dollaway,"Dec 20, 2014",Ginásio José Corrêa,Barueri,NA,Brazil,NA
UFC on Fox, dos Santos , Miocic,"Dec 13, 2014",U.S. Airways Center,Phoenix,Arizona,United States,15300
The Ultimate Fighter, A Champion Will Be Crowned Finale,NA,"Dec 12, 2014",Palms Casino Resort,Las Vegas,Nevada,United States,1800
UFC 181, Hendricks , Lawler II,"Dec 6, 2014",Mandalay Bay Events Center,Las Vegas,Nevada,United States,9617
UFC Fight Night, Edgar , Swanson,"Nov 22, 2014",Frank Erwin Center,Austin,Texas,United States,10131
UFC 180, Werdum , Hunt,"Nov 15, 2014",Arena Ciudad de México,Mexico City,NA,Mexico,21000
UFC Fight Night, Shogun , Saint Preux,"Nov 8, 2014",Ginásio Municipal Tancredo Neves,Uberlândia,NA,Brazil,5671
UFC Fight Night, Rockhold , Bisping,"Nov 8, 2014",Qudos Bank Arena,Sydney,NA,Australia,9904
UFC 179, Aldo , Mendes ,"Oct 25, 2014",Ginásio do Maracanãzinho,Rio de Janeiro,NA,Brazil,11415
UFC Fight Night, MacDonald , Saffiedine,"Oct 4, 2014",Scotiabank Centre,Halifax,Nova Scotia,Canada,10782
UFC Fight Night, Nelson , Story,"Oct 4, 2014",Avicii Arena,Stockholm,NA,Sweden,10026
UFC 178, Johnson , Cariaso,"Sep 27, 2014",MGM Grand Garden Arena,Las Vegas,Nevada,United States,10544
UFC Fight Night, Hunt , Nelson,"Sep 20, 2014",Saitama Super Arena,Saitama,NA,Japan,12395
UFC Fight Night, Bigfoot , Arlovski,"Sep 13, 2014",Ginásio Nilson Nelson,Brasília,NA,Brazil,8822
UFC Fight Night, Jacaré , Mousasi,"Sep 5, 2014",Foxwoods Resort Casino,Ledyard,Connecticut,United States,4086
UFC 177, Dillashaw , Soto,"Aug 30, 2014",Sleep Train Arena,Sacramento,California,United States,11100
UFC Fight Night, Henderson , dos Anjos,"Aug 23, 2014",BOK Center,Tulsa,Oklahoma,United States,7119
UFC Fight Night, Bisping , Le,"Aug 23, 2014",Cotai Arena,Macau,SAR,China,7022
UFC Fight Night, Bader , Saint Preux,"Aug 16, 2014",Cross Insurance Center,Bangor,Maine,United States,5329
UFC 176, Aldo , Mendes II,"Aug 2, 2014",Staples Center,Los Angeles,California,United States,NA
UFC on Fox, Lawler , Brown,"Jul 26, 2014",SAP Center,San Jose,California,United States,11482
UFC Fight Night, McGregor , Brandão,"Jul 19, 2014",3Arena,Dublin,NA,Ireland,9500
UFC Fight Night, Cowboy , Miller,"Jul 16, 2014",Revel Casino Hotel,Atlantic City,New Jersey,United States,4115
The Ultimate Fighter, Team Edgar , Team Penn Finale,"Jul 6, 2014",Mandalay Bay Events Center,Las Vegas,Nevada,United States,6500
UFC 175, Weidman , Machida,"Jul 5, 2014",Mandalay Bay Events Center,Las Vegas,Nevada,United States,10088
UFC Fight Night, Swanson , Stephens,"Jun 28, 2014",AT&T Center,San Antonio,Texas,United States,9227
UFC Fight Night, Te Huna , Marquardt,"Jun 28, 2014",Vector Arena,Auckland,NA,New Zealand,8089
UFC 174, Johnson , Bagautinov,"Jun 14, 2014",Rogers Arena,Vancouver,British Columbia,Canada,13506
UFC Fight Night, Henderson , Khabilov,"Jun 7, 2014",Tingley Coliseum,Albuquerque,New Mexico,United States,8775
The Ultimate Fighter Brazil 3 Finale, Miocic , Maldonado,"May 31, 2014",Ginásio do Ibirapuera,São Paulo,NA,Brazil,8986
UFC Fight Night, Muñoz , Mousasi,"May 31, 2014",Uber Arena,Berlin,NA,Germany,8000
UFC 173, Barão , Dillashaw,"May 24, 2014",MGM Grand Garden Arena,Las Vegas,Nevada,United States,11036
UFC Fight Night, Brown , Silva,"May 10, 2014",U.S. Bank Arena,Cincinnati,Ohio,United States,6143
UFC 172, Jones , Teixeira,"Apr 26, 2014",Baltimore Arena,Baltimore,Maryland,United States,13485
UFC on Fox, Werdum , Browne,"Apr 19, 2014",Amway Center,Orlando,Florida,United States,17000
The Ultimate Fighter Nations Finale, Bisping , Kennedy,"Apr 16, 2014",Colisée Pepsi,Quebec City,Quebec,Canada,5029
UFC Fight Night, Nogueira , Nelson,"Apr 11, 2014",Etihad Park,Abu Dhabi,NA,United Arab Emirates,7963
UFC Fight Night, Shogun , Henderson ,"Mar 23, 2014",Ginásio Nélio Dias,Natal,NA,Brazil,6828
UFC 171, Hendricks , Lawler,"Mar 15, 2014",American Airlines Center,Dallas,Texas,United States,19324
UFC Fight Night, Gustafsson , Manuwa,"Mar 8, 2014",The O2 Arena,London,England,United Kingdom,14604
The Ultimate Fighter China Finale, Kim , Hathaway,"Mar 1, 2014",Cotai Arena,Macau,SAR,China,6000
UFC 170, Rousey , McMann,"Feb 22, 2014",Mandalay Bay Events Center,Las Vegas,Nevada,United States,10217
UFC Fight Night, Machida , Mousasi,"Feb 15, 2014",Arena Jaraguá,Jaraguá do Sul,NA,Brazil,7511
UFC 169, Barão , Faber ,"Feb 1, 2014",Prudential Center,Newark,New Jersey,United States,14308
UFC on Fox, Henderson , Thomson,"Jan 25, 2014",United Center,Chicago,Illinois,United States,10895
UFC Fight Night, Rockhold , Philippou,"Jan 15, 2014",Arena at Gwinnett Center,Duluth,Georgia,United States,5822
UFC Fight Night, Saffiedine , Lim,"Jan 4, 2014",Marina Bay Sands,Marina Bay,NA,Singapore,5216
UFC 168, Weidman , Silva ,"Dec 28, 2013",MGM Grand Garden Arena,Las Vegas,Nevada,United States,15650
UFC on Fox, Johnson , Benavidez ,"Dec 14, 2013",Sleep Train Arena,Sacramento,California,United States,11573
UFC Fight Night, Hunt , Bigfoot,"Dec 7, 2013",Brisbane Entertainment Centre,Brisbane,NA,Australia,11393
The Ultimate Fighter, Team Rousey , Team Tate Finale,"Nov 30, 2013",Mandalay Bay Events Center,Las Vegas,Nevada,United States,4853
UFC 167, St-Pierre , Hendricks,"Nov 16, 2013",MGM Grand Garden Arena,Las Vegas,Nevada,United States,14856
UFC Fight Night, Belfort , Henderson ,"Nov 9, 2013",Goiânia Arena,Goiânia,NA,Brazil,10565
UFC, Fight for the Troops ,NA,"Nov 6, 2013",Fort Campbell,Fort Campbell,Kentucky,United States,NA
UFC Fight Night, Machida , Muñoz,"Oct 26, 2013",Phones 4u Arena,Manchester,England,United Kingdom,10355
UFC 166, Velasquez , dos Santos III,"Oct 19, 2013",Toyota Center,Houston,Texas,United States,17238
UFC Fight Night, Maia , Shields,"Oct 9, 2013",Ginásio José Corrêa,Barueri,NA,Brazil,6621
UFC 165, Jones , Gustafsson,"Sep 21, 2013",Scotiabank Arena,Toronto,Ontario,Canada,15504
UFC Fight Night, Teixeira , Bader,"Sep 4, 2013",Mineirinho Arena,Belo Horizonte,NA,Brazil,5126
UFC 164, Henderson , Pettis ,"Aug 31, 2013",BMO Harris Bradley Center,Milwaukee,Wisconsin,United States,9178
UFC Fight Night, Condit , Kampmann ,"Aug 28, 2013",Bankers Life Fieldhouse,Indianapolis,Indiana,United States,6417
UFC Fight Night, Shogun , Sonnen,"Aug 17, 2013",TD Garden,Boston,Massachusetts,United States,14181
UFC 163, Aldo , Korean Zombie,"Aug 3, 2013",HSBC Arena,Rio de Janeiro,NA,Brazil,13873
UFC on Fox, Johnson , Moraga,"Jul 27, 2013",Climate Pledge Arena,Seattle,Washington,United States,8967
UFC 162, Silva , Weidman,"Jul 6, 2013",MGM Grand Garden Arena,Las Vegas,Nevada,United States,12964
UFC 161, Evans , Henderson,"Jun 15, 2013",Canada Life Centre,Winnipeg,Manitoba,Canada,14754
UFC on Fuel TV, Nogueira , Werdum,"Jun 8, 2013",Ginásio Paulo Sarasate,Fortaleza,NA,Brazil,6286
UFC 160, Velasquez , Bigfoot ,"May 25, 2013",MGM Grand Garden Arena,Las Vegas,Nevada,United States,12380
UFC on FX, Belfort , Rockhold,"May 18, 2013",Arena Jaraguá,Jaraguá do Sul,NA,Brazil,7642
UFC 159, Jones , Sonnen,"Apr 27, 2013",Prudential Center,Newark,New Jersey,United States,15227
UFC on Fox, Henderson , Melendez,"Apr 20, 2013",SAP Center,San Jose,California,United States,13506
The Ultimate Fighter, Team Jones , Team Sonnen Finale,"Apr 13, 2013",Mandalay Bay Events Center,Las Vegas,Nevada,United States,5918
UFC on Fuel TV, Mousasi , Latifi,"Apr 6, 2013",Avicii Arena,Stockholm,NA,Sweden,14506
UFC 158, St-Pierre , Diaz,"Mar 16, 2013",Bell Centre,Montreal,Quebec,Canada,20145
UFC on Fuel TV, Silva , Stann,"Mar 3, 2013",Saitama Super Arena,Saitama,NA,Japan,14682
UFC 157, Rousey , Carmouche,"Feb 23, 2013",Honda Center,Anaheim,California,United States,13257
UFC on Fuel TV, Barão , McDonald,"Feb 16, 2013",Wembley Arena,London,England,United Kingdom,10349
UFC 156, Aldo , Edgar,"Feb 2, 2013",Mandalay Bay Events Center,Las Vegas,Nevada,United States,10275
UFC on Fox, Johnson , Dodson,"Jan 26, 2013",United Center,Chicago,Illinois,United States,16091
UFC on FX, Belfort , Bisping,"Jan 19, 2013",Ginásio do Ibirapuera,São Paulo,NA,Brazil,9116
UFC 155, dos Santos , Velasquez ,"Dec 29, 2012",MGM Grand Garden Arena,Las Vegas,Nevada,United States,13561
The Ultimate Fighter, Team Carwin , Team Nelson Finale,"Dec 15, 2012",Hard Rock Hotel and Casino,Las Vegas,Nevada,United States,2500
UFC on FX, Sotiropoulos , Pearson,"Dec 15, 2012",Gold Coast Convention and Exhibition Centre,Gold Coast,NA,Australia,5133
UFC on Fox, Henderson , Diaz,"Dec 8, 2012",Climate Pledge Arena,Seattle,Washington,United States,14387
UFC 154, St-Pierre , Condit,"Nov 17, 2012",Bell Centre,Montreal,Quebec,Canada,17249
UFC on Fuel TV, Franklin , Le,"Nov 10, 2012",Cotai Arena,Macau,SAR,China,8415
UFC 153, Silva , Bonnar,"Oct 13, 2012",Farmasi Arena,Rio de Janeiro,NA,Brazil,16844
UFC on FX, Browne , Bigfoot,"Oct 5, 2012",Target Center,Minneapolis,Minnesota,United States,7049
UFC on Fuel TV, Struve , Miocic,"Sep 29, 2012",Motorpoint Arena,Nottingham,England,United Kingdom,7241
UFC 152, Jones , Belfort,"Sep 22, 2012",Scotiabank Arena,Toronto,Ontario,Canada,16800
UFC 151, Jones , Henderson,"Sep 1, 2012",Mandalay Bay Events Center,Las Vegas,Nevada,United States,NA
UFC 150, Henderson , Edgar II,"Aug 11, 2012",Ball Arena,Denver,Colorado,United States,13027
UFC on Fox, Shogun , Vera,"Aug 4, 2012",Crypto.com Arena,Los Angeles,California,United States,16080
UFC 149, Faber , Barão,"Jul 21, 2012",Scotiabank Saddledome,Calgary,Alberta,Canada,16089
UFC on Fuel TV, Muñoz , Weidman,"Jul 11, 2012",SAP Center,San Jose,California,United States,4250
UFC 148, Silva , Sonnen II,"Jul 7, 2012",MGM Grand Garden Arena,Las Vegas,Nevada,United States,15104
UFC 147, Silva , Franklin II,"Jun 23, 2012",Mineirinho Arena,Belo Horizonte,NA,Brazil,16643
UFC on FX, Maynard , Guida,"Jun 22, 2012",Revel Casino Hotel,Atlantic City,New Jersey,United States,4652
UFC on FX, Johnson , McCall ,"Jun 8, 2012",Amerant Bank Arena,Sunrise,Florida,United States,6635
The Ultimate Fighter, Live Finale,NA,"Jun 1, 2012",Palms Casino Resort,Las Vegas,Nevada,United States,1628
UFC 146, dos Santos , Mir,"May 26, 2012",MGM Grand Garden Arena,Las Vegas,Nevada,United States,14674
UFC on Fuel TV, The Korean Zombie , Poirier,"May 15, 2012",EagleBank Arena,Fairfax,Virginia,United States,6668
UFC on Fox, Diaz , Miller,"May 5, 2012",Meadowlands Arena,East Rutherford,New Jersey,United States,10788
UFC 145, Jones , Evans,"Apr 21, 2012",Philips Arena,Atlanta,Georgia,United States,15545
UFC on Fuel TV, Gustafsson , Silva,"Apr 14, 2012",Avicii Arena,Stockholm,NA,Sweden,15428
UFC on FX, Alves , Kampmann,"Mar 3, 2012",Qudos Bank Arena,Sydney,NA,Australia,14537
UFC 144, Edgar , Henderson,"Feb 26, 2012",Saitama Super Arena,Saitama,NA,Japan,21000
UFC on Fuel TV, Sanchez , Ellenberger,"Feb 15, 2012",Omaha Civic Auditorium,Omaha,Nebraska,United States,6283
UFC 143, Diaz , Condit,"Feb 4, 2012",Mandalay Bay Events Center,Las Vegas,Nevada,United States,9015
UFC on Fox, Evans , Davis,"Jan 28, 2012",United Center,Chicago,Illinois,United States,16963
UFC on FX, Guillard , Miller,"Jan 20, 2012",Bridgestone Arena,Nashville,Tennessee,United States,7728
UFC 142, Aldo , Mendes,"Jan 14, 2012",HSBC Arena,Rio de Janeiro,NA,Brazil,10605
UFC 141, Lesnar , Overeem,"Dec 30, 2011",MGM Grand Garden Arena,Las Vegas,Nevada,United States,13793
UFC 140, Jones , Machida,"Dec 10, 2011",Scotiabank Arena,Toronto,Ontario,Canada,18303
The Ultimate Fighter, Team Bisping , Team Miller Finale,"Dec 3, 2011",Palms Casino Resort,Las Vegas,Nevada,United States,1909
UFC 139, Shogun , Henderson,"Nov 19, 2011",SAP Center,San Jose,California,United States,13832
UFC on Fox, Velasquez , dos Santos,"Nov 12, 2011",Honda Center,Anaheim,California,United States,11607
UFC 138, Leben , Muñoz,"Nov 5, 2011",LG Arena,Birmingham,England,United Kingdom,10823
UFC 137, Penn , Diaz,"Oct 29, 2011",Mandalay Bay Events Center,Las Vegas,Nevada,United States,10313
UFC 136, Edgar , Maynard III,"Oct 8, 2011",Toyota Center,Houston,Texas,United States,16164
UFC Live, Cruz , Johnson,"Oct 1, 2011",Capital One Arena,Washington,D.C.,United States,9380
UFC 135, Jones , Rampage,"Sep 24, 2011",Pepsi Center,Denver,Colorado,United States,16344
UFC Fight Night, Shields , Ellenberger,"Sep 17, 2011",Ernest N. Morial Convention Center,New Orleans,Louisiana,United States,7112
UFC 134, Silva , Okami,"Aug 27, 2011",HSBC Arena,Rio de Janeiro,NA,Brazil,14000
UFC Live, Hardy , Lytle,"Aug 14, 2011",Bradley Center,Milwaukee,Wisconsin,United States,6751
UFC 133, Evans , Ortiz,"Aug 6, 2011",Wells Fargo Center,Philadelphia,Pennsylvania,United States,11583
UFC 132, Cruz , Faber,"Jul 2, 2011",MGM Grand Garden Arena,Las Vegas,Nevada,United States,13109
UFC Live, Kongo , Barry,"Jun 26, 2011",Consol Energy Center,Pittsburgh,Pennsylvania,United States,7792
UFC 131, dos Santos , Carwin,"Jun 11, 2011",Rogers Arena,Vancouver,British Columbia,Canada,14685
The Ultimate Fighter, Team Lesnar , Team dos Santos Finale,"Jun 4, 2011",Palms Casino Resort,Las Vegas,Nevada,United States,2053
UFC 130, Rampage , Hamill,"May 28, 2011",MGM Grand Garden Arena,Las Vegas,Nevada,United States,12753
UFC 129, St-Pierre , Shields,"Apr 30, 2011",Rogers Centre,Toronto,Ontario,Canada,55724
UFC Fight Night, Nogueira , Davis,"Mar 26, 2011",Climate Pledge Arena,Seattle,Washington,United States,13741
UFC 128, Shogun , Jones,"Mar 19, 2011",Prudential Center,Newark,New Jersey,United States,12619
UFC Live, Sanchez , Kampmann,"Mar 3, 2011",KFC Yum! Center,Louisville,Kentucky,United States,8319
UFC 127, Penn , Fitch,"Feb 27, 2011",Qudos Bank Arena,Sydney,NA,Australia,18186
UFC 126, Silva , Belfort,"Feb 5, 2011",Mandalay Bay Events Center,Las Vegas,Nevada,United States,10893
UFC, Fight for the Troops ,NA,"Jan 22, 2011",Fort Hood,Fort Hood,Texas,United States,3200
UFC 125, Resolution,NA,"Jan 1, 2011",MGM Grand Garden Arena,Las Vegas,Nevada,United States,12874
UFC 124, St-Pierre , Koscheck ,"Dec 11, 2010",Bell Centre,Montreal,Quebec,Canada,23152
The Ultimate Fighter, Team GSP , Team Koscheck Finale,"Dec 4, 2010",Palms Casino Resort,Las Vegas,Nevada,United States,1903
UFC 123, Rampage , Machida,"Nov 20, 2010",The Palace of Auburn Hills,Auburn Hills,Michigan,United States,16404
UFC 122, Marquardt , Okami,"Nov 13, 2010",Rudolf Weber-Arena,Oberhausen,NA,Germany,8421
UFC 121, Lesnar , Velasquez,"Oct 23, 2010",Honda Center,Anaheim,California,United States,14856
UFC 120, Bisping , Akiyama,"Oct 16, 2010",The O2 Arena,London,England,United Kingdom,17133
UFC 119, Mir , Cro Cop,"Sep 25, 2010",Conseco Fieldhouse,Indianapolis,Indiana,United States,15811
UFC Fight Night, Marquardt , Palhares,"Sep 15, 2010",Frank Erwin Center,Austin,Texas,United States,7724
UFC 118, Edgar , Penn ,"Aug 28, 2010",TD Garden,Boston,Massachusetts,United States,14168
UFC 117, Silva , Sonnen,"Aug 7, 2010",Oracle Arena,Oakland,California,United States,12971
UFC Live, Jones , Matyushenko,"Aug 1, 2010",Pechanga Arena,San Diego,California,United States,8132
UFC 116, Lesnar , Carwin,"Jul 3, 2010",MGM Grand Garden Arena,Las Vegas,Nevada,United States,12740
The Ultimate Fighter, Team Liddell , Team Ortiz Finale,"Jun 19, 2010",Palms Casino Resort,Las Vegas,Nevada,United States,1708
UFC 115, Liddell , Franklin,"Jun 12, 2010",General Motors Place,Vancouver,British Columbia,Canada,17669
UFC 114, Rampage , Evans,"May 29, 2010",MGM Grand Garden Arena,Las Vegas,Nevada,United States,14996
UFC 113, Machida , Shogun ,"May 8, 2010",Bell Centre,Montreal,Quebec,Canada,17647
UFC 112, Invincible,NA,"Apr 10, 2010","Concert Arena, Yas Island",Abu Dhabi,NA,United Arab Emirates,11008
UFC Fight Night, Florian , Gomi,"Mar 31, 2010",Bojangles Coliseum,Charlotte,North Carolina,United States,7700
UFC 111, St-Pierre , Hardy,"Mar 27, 2010",Prudential Center,Newark,New Jersey,United States,17000
UFC Live, Vera , Jones,"Mar 21, 2010",1stBank Center,Broomfield,Colorado,United States,6443
UFC 110, Nogueira , Velasquez,"Feb 21, 2010",Qudos Bank Arena,Sydney,NA,Australia,17831
UFC 109, Relentless,NA,"Feb 6, 2010",Mandalay Bay Events Center,Las Vegas,Nevada,United States,10753
UFC Fight Night, Maynard , Diaz,"Jan 11, 2010",Patriot Center,Fairfax,Virginia,United States,8078
UFC 108, Evans , Silva,"Jan 2, 2010",MGM Grand Garden Arena,Las Vegas,Nevada,United States,13529
UFC 107, Penn , Sanchez,"Dec 12, 2009",FedExForum,Memphis,Tennessee,United States,13896
The Ultimate Fighter, Heavyweights Finale,NA,"Dec 5, 2009",Palms Casino Resort,Las Vegas,Nevada,United States,1791
UFC 106, Ortiz , Griffin ,"Nov 21, 2009",Mandalay Bay Events Center,Las Vegas,Nevada,United States,10529
UFC 105, Couture , Vera,"Nov 14, 2009",Manchester Evening News Arena,Manchester,England,United Kingdom,16693
UFC 104, Machida , Shogun,"Oct 24, 2009",Crypto.com Arena,Los Angeles,California,United States,14892
UFC 103, Franklin , Belfort,"Sep 19, 2009",American Airlines Center,Dallas,Texas,United States,17428
UFC Fight Night, Diaz , Guillard,"Sep 16, 2009",Cox Convention Center,Oklahoma City,Oklahoma,United States,9490
UFC 102, Couture , Nogueira,"Aug 29, 2009",Rose Garden,Portland,Oregon,United States,16088
UFC 101, Declaration,NA,"Aug 8, 2009",Wachovia Center,Philadelphia,Pennsylvania,United States,17411
UFC 100,NA,NA,"Jul 11, 2009",Mandalay Bay Events Center,Las Vegas,Nevada,United States,10871
The Ultimate Fighter, United States , United Kingdom Finale,"Jun 20, 2009",Palms Casino Resort,Las Vegas,Nevada,United States,2217
UFC 99, The Comeback,NA,"Jun 13, 2009",Lanxess Arena,Cologne,NA,Germany,12854
UFC 98, Evans , Machida,"May 23, 2009",MGM Grand Garden Arena,Las Vegas,Nevada,United States,12606
UFC 97, Redemption,NA,"Apr 18, 2009",Bell Centre,Montreal,Quebec,Canada,21451
UFC Fight Night, Condit , Kampmann,"Apr 1, 2009",Sommet Center,Nashville,Tennessee,United States,10267
UFC 96, Jackson , Jardine,"Mar 7, 2009",Nationwide Arena,Columbus,Ohio,United States,17033
UFC 95, Sanchez , Stevenson,"Feb 21, 2009",The O2 Arena,London,England,United Kingdom,13268
UFC Fight Night, Lauzon , Stephens,"Feb 7, 2009",USF Sun Dome,Tampa,Florida,United States,7596
UFC 94, St-Pierre , Penn ,"Jan 31, 2009",MGM Grand Garden Arena,Las Vegas,Nevada,United States,14885
UFC 93, Franklin , Henderson,"Jan 17, 2009",3Arena,Dublin,NA,Ireland,9369
UFC 92, The Ultimate ,NA,"Dec 27, 2008",MGM Grand Garden Arena,Las Vegas,Nevada,United States,14166
The Ultimate Fighter, Team Nogueira , Team Mir Finale,"Dec 13, 2008",Palms Casino Resort,Las Vegas,Nevada,United States,1853
UFC, Fight for the Troops,NA,"Dec 10, 2008",Crown Coliseum,Fayetteville,North Carolina,United States,8500
UFC 91, Couture , Lesnar,"Nov 15, 2008",MGM Grand Garden Arena,Las Vegas,Nevada,United States,14272
UFC 90, Silva , Côté,"Oct 25, 2008",Allstate Arena,Rosemont,Illinois,United States,15359
UFC 89, Bisping , Leben,"Oct 18, 2008",National Indoor Arena,Birmingham,England,United Kingdom,9515
UFC Fight Night, Diaz , Neer,"Sep 17, 2008",Omaha Civic Auditorium,Omaha,Nebraska,United States,9103
UFC 88, Breakthrough,NA,"Sep 6, 2008",State Farm Arena,Atlanta,Georgia,United States,14736
UFC 87, Seek and Destroy,NA,"Aug 9, 2008",Target Center,Minneapolis,Minnesota,United States,15087
UFC Fight Night, Silva , Irvin,"Jul 19, 2008",Palms Casino Resort,Las Vegas,Nevada,United States,2071
UFC 86, Jackson , Griffin,"Jul 5, 2008",Mandalay Bay Events Center,Las Vegas,Nevada,United States,10990
The Ultimate Fighter, Team Rampage , Team Forrest Finale,"Jun 21, 2008",Palms Casino Resort,Las Vegas,Nevada,United States,1853
UFC 85, Bedlam,NA,"Jun 7, 2008",The O2 Arena,London,England,United Kingdom,15327
UFC 84, Ill Will,NA,"May 24, 2008",MGM Grand Garden Arena,Las Vegas,Nevada,United States,14773
UFC 83, Serra , St-Pierre ,"Apr 19, 2008",Bell Centre,Montreal,Quebec,Canada,21390
UFC Fight Night, Florian , Lauzon,"Apr 2, 2008",Broomfield Event Center,Broomfield,Colorado,United States,6742
UFC 82, Pride of a Champion,NA,"Mar 1, 2008",Nationwide Arena,Columbus,Ohio,United States,16431
UFC 81, Breaking Point,NA,"Feb 2, 2008",Mandalay Bay Events Center,Las Vegas,Nevada,United States,10583
UFC Fight Night, Swick , Burkman,"Jan 23, 2008",Palms Casino Resort,Las Vegas,Nevada,United States,1900
UFC 80, Rapid Fire,NA,"Jan 19, 2008",Metro Radio Arena,Newcastle upon Tyne,England,United Kingdom,8412
UFC 79, Nemesis,NA,"Dec 29, 2007",Mandalay Bay Events Center,Las Vegas,Nevada,United States,11075
The Ultimate Fighter, Team Hughes , Team Serra Finale,"Dec 8, 2007",Palms Casino Resort,Las Vegas,Nevada,United States,NA
UFC 78, Validation,NA,"Nov 17, 2007",Prudential Center,Newark,New Jersey,United States,14071
UFC 77, Hostile Territory,NA,"Oct 20, 2007",U.S. Bank Arena,Cincinnati,Ohio,United States,16054
UFC 76, Knockout,NA,"Sep 22, 2007",Honda Center,Anaheim,California,United States,13770
UFC Fight Night, Thomas , Florian,"Sep 19, 2007",Palms Casino Resort,Las Vegas,Nevada,United States,NA
UFC 75, Champion , Champion,"Sep 8, 2007",The O2 Arena,London,England,United Kingdom,16235
UFC 74, Respect,NA,"Aug 25, 2007",Mandalay Bay Events Center,Las Vegas,Nevada,United States,11065
UFC 73, Stacked,NA,"Jul 7, 2007",ARCO Arena,Sacramento,California,United States,13183
The Ultimate Fighter, Team Pulver , Team Penn Finale,"Jun 23, 2007",Palms Casino Resort,Las Vegas,Nevada,United States,NA
UFC 72, Victory,NA,"Jun 16, 2007",The Odyssey,Belfast,Northern Ireland,United Kingdom,7850
UFC Fight Night, Stout , Fisher,"Jun 12, 2007",Seminole Hard Rock Hotel and Casino,Hollywood,Florida,United States,NA
UFC 71, Liddell , Jackson,"May 26, 2007",MGM Grand Garden Arena,Las Vegas,Nevada,United States,14728
UFC 70, Nations Collide,NA,"Apr 21, 2007",Manchester Evening News Arena,Manchester,England,United Kingdom,15114
UFC 69, Shootout,NA,"Apr 7, 2007",Toyota Center,Houston,Texas,United States,15269
UFC Fight Night, Stevenson , Guillard,"Apr 5, 2007",Palms Casino Resort,Las Vegas,Nevada,United States,1734
UFC 68, The Uprising,NA,"Mar 3, 2007",Nationwide Arena,Columbus,Ohio,United States,19079
UFC 67, All or Nothing,NA,"Feb 3, 2007",Mandalay Bay Events Center,Las Vegas,Nevada,United States,10787
UFC Fight Night, Evans , Salmon,"Jan 25, 2007",Seminole Hard Rock Hotel and Casino,Hollywood,Florida,United States,5287
UFC 66, Liddell , Ortiz,"Dec 30, 2006",MGM Grand Garden Arena,Las Vegas,Nevada,United States,13671
UFC Fight Night, Sanchez , Riggs,"Dec 13, 2006",Marine Corps Air Station Miramar,San Diego,California,United States,3000
UFC 65, Bad Intentions,NA,"Nov 18, 2006",ARCO Arena,Sacramento,California,United States,14666
The Ultimate Fighter, The Comeback Finale,NA,"Nov 11, 2006",Hard Rock Hotel and Casino,Las Vegas,Nevada,United States,1000
UFC 64, Unstoppable,NA,"Oct 14, 2006",Mandalay Bay Events Center,Las Vegas,Nevada,United States,10173
UFC Fight Night 6.5,NA,NA,"Oct 10, 2006",Seminole Hard Rock Hotel and Casino,Hollywood,Florida,United States,3510
UFC 63, Hughes , Penn,"Sep 23, 2006",Honda Center,Anaheim,California,United States,12604
UFC 62, Liddell , Sobral,"Aug 26, 2006",Mandalay Bay Events Center,Las Vegas,Nevada,United States,10503
UFC Fight Night 6,NA,NA,"Aug 17, 2006",Red Rock Resort Spa and Casino,Summerlin,Nevada,United States,1412
UFC 61, Bitter Rivals,NA,"Jul 8, 2006",Mandalay Bay Events Center,Las Vegas,Nevada,United States,11167
UFC Ultimate Fight Night 5,NA,NA,"Jun 28, 2006",Hard Rock Hotel and Casino,Las Vegas,Nevada,United States,606
The Ultimate Fighter, Team Ortiz , Team Shamrock Finale,"Jun 24, 2006",Hard Rock Hotel and Casino,Las Vegas,Nevada,United States,849
UFC 60, Hughes , Gracie,"May 27, 2006",Crypto.com Arena,Los Angeles,California,United States,14765
UFC 59, Reality Check,NA,"Apr 15, 2006",Honda Center,Anaheim,California,United States,13814
UFC Ultimate Fight Night 4,NA,NA,"Apr 6, 2006",Hard Rock Hotel and Casino,Las Vegas,Nevada,United States,843
UFC 58, USA , Canada,"Mar 4, 2006",Mandalay Bay Events Center,Las Vegas,Nevada,United States,9569
UFC 57, Liddell , Couture ,"Feb 4, 2006",Mandalay Bay Events Center,Las Vegas,Nevada,United States,10659
UFC Ultimate Fight Night 3,NA,NA,"Jan 16, 2006",Hard Rock Hotel and Casino,Las Vegas,Nevada,United States,1008
UFC 56, Full Force,NA,"Nov 19, 2005",MGM Grand Garden Arena,Las Vegas,Nevada,United States,12000
The Ultimate Fighter, Team Hughes , Team Franklin Finale,"Nov 5, 2005",Hard Rock Hotel and Casino,Las Vegas,Nevada,United States,NA
UFC 55, Fury,NA,"Oct 7, 2005",Mohegan Sun Arena,Montville,Connecticut,United States,8000
UFC Ultimate Fight Night 2,NA,NA,"Oct 3, 2005",Hard Rock Hotel and Casino,Las Vegas,Nevada,United States,NA
UFC 54, Boiling Point,NA,"Aug 20, 2005",MGM Grand Garden Arena,Las Vegas,Nevada,United States,13520
UFC Ultimate Fight Night,NA,NA,"Aug 6, 2005",Cox Pavilion,Las Vegas,Nevada,United States,NA
UFC 53, Heavy Hitters,NA,"Jun 4, 2005",Boardwalk Hall,Atlantic City,New Jersey,United States,12000
UFC 52, Couture , Liddell,"Apr 16, 2005",MGM Grand Garden Arena,Las Vegas,Nevada,United States,14562
The Ultimate Fighter, Team Couture , Team Liddell Finale,"Apr 9, 2005",Cox Pavilion,Las Vegas,Nevada,United States,NA
UFC 51, Super Saturday,NA,"Feb 5, 2005",Mandalay Bay Events Center,Las Vegas,Nevada,United States,11072
UFC 50, The War of ',NA,"Oct 22, 2004",Boardwalk Hall,Atlantic City,New Jersey,United States,9000
UFC 49, Unfinished Business,NA,"Aug 21, 2004",MGM Grand Garden Arena,Las Vegas,Nevada,United States,12100
UFC 48, Payback,NA,"Jun 19, 2004",Mandalay Bay Events Center,Las Vegas,Nevada,United States,10000
UFC 47, It's On!,NA,"Apr 2, 2004",Mandalay Bay Events Center,Las Vegas,Nevada,United States,11437
UFC 46, Supernatural,NA,"Jan 31, 2004",Mandalay Bay Events Center,Las Vegas,Nevada,United States,10700
UFC 45, Revolution,NA,"Nov 21, 2003",Mohegan Sun Arena,Montville,Connecticut,United States,9200
UFC 44, Undisputed,NA,"Sep 26, 2003",Mandalay Bay Events Center,Las Vegas,Nevada,United States,10400
UFC 43, Meltdown,NA,"Jun 6, 2003",Thomas & Mack Center,Las Vegas,Nevada,United States,9800
UFC 42, Sudden Impact,NA,"Apr 25, 2003",Kaseya Center,Miami,Florida,United States,7500
UFC 41, Onslaught,NA,"Feb 28, 2003",Boardwalk Hall,Atlantic City,New Jersey,United States,11707
UFC 40, Vendetta,NA,"Nov 22, 2002",MGM Grand Garden Arena,Las Vegas,Nevada,United States,13770
UFC 39, The Warriors Return,NA,"Sep 27, 2002",Mohegan Sun Arena,Montville,Connecticut,United States,7800
UFC 38, Brawl at the Hall,NA,"Jul 13, 2002",Royal Albert Hall,London,England,United Kingdom,5000
UFC 37.5, As Real As It Gets,NA,"Jun 22, 2002",Bellagio,Las Vegas,Nevada,United States,3700
UFC 37, High Impact,NA,"May 10, 2002",CenturyTel Center,Bossier City,Louisiana,United States,7200
UFC 36, Worlds Collide,NA,"Mar 22, 2002",MGM Grand Garden Arena,Las Vegas,Nevada,United States,10000
UFC 35, Throwdown,NA,"Jan 11, 2002",Mohegan Sun Arena,Uncasville,Connecticut,United States,9600
UFC 34, High Voltage,NA,"Nov 2, 2001",MGM Grand Garden Arena,Las Vegas,Nevada,United States,9000
UFC 33, Victory in Vegas,NA,"Sep 28, 2001",Mandalay Bay Events Center,Las Vegas,Nevada,United States,9500
UFC 32, Showdown in the Meadowlands,NA,"Jun 29, 2001",Continental Airlines Arena,East Rutherford,New Jersey,United States,12500
UFC 31, Locked and Loaded,NA,"May 4, 2001",Etess Arena at Trump Taj Mahal,Atlantic City,New Jersey,United States,NA
UFC 30, Battle on the Boardwalk,NA,"Feb 23, 2001",Etess Arena at Trump Taj Mahal,Atlantic City,New Jersey,United States,3000
UFC 29, Defense of the Belts,NA,"Dec 16, 2000",Differ Ariake Arena,Tokyo,NA,Japan,1414
UFC 28, High Stakes,NA,"Nov 17, 2000",Etess Arena at Trump Taj Mahal,Atlantic City,New Jersey,United States,NA
UFC 27, Ultimate Bad Boyz,NA,"Sep 22, 2000",Lakefront Arena,New Orleans,Louisiana,United States,NA
UFC 26, Ultimate Field of Dreams,NA,"Jun 9, 2000",Five Seasons Events Center,Cedar Rapids,Iowa,United States,1100
UFC 25, Ultimate Japan ,NA,"Apr 14, 2000",Yoyogi National Gymnasium,Tokyo,NA,Japan,NA
UFC 24, First Defense,NA,"Mar 10, 2000",Lake Charles Civic Center,Lake Charles,Louisiana,United States,NA
UFC 23, Ultimate Japan ,NA,"Nov 19, 1999",Tokyo Bay NK Hall,Chiba,NA,Japan,NA
UFC 22, Only One Can be Champion,NA,"Sep 24, 1999",Lake Charles Civic Center,Lake Charles,Louisiana,United States,NA
UFC 21, Return of the Champions,NA,"Jul 16, 1999",Five Seasons Events Center,Cedar Rapids,Iowa,United States,NA
UFC 20, Battle for the Gold,NA,"May 7, 1999",Boutwell Memorial Auditorium,Birmingham,Alabama,United States,NA
UFC 19, Ultimate Young Guns,NA,"Mar 5, 1999",Casino Magic Bay St. Louis,Bay St. Louis,Mississippi,United States,NA
UFC 18, The Road to the Heavyweight Title,NA,"Jan 8, 1999",Pontchartrain Center,New Orleans,Louisiana,United States,NA
UFC Brazil, Ultimate Brazil,NA,"Oct 16, 1998",Ginásio da Portuguesa,São Paulo,NA,Brazil,NA
UFC 17, Redemption,NA,"May 15, 1998",Mobile Civic Center,Mobile,Alabama,United States,NA
UFC 16, Battle in the Bayou,NA,"Mar 13, 1998",Pontchartrain Center,New Orleans,Louisiana,United States,4600
UFC Japan, Ultimate Japan,NA,"Dec 21, 1997",Yokohama Arena,Yokohama,NA,Japan,5000
UFC 15, Collision Course,NA,"Oct 17, 1997",Casino Magic Bay St. Louis,Bay St. Louis,Mississippi,United States,NA
UFC 14, Showdown,NA,"Jul 27, 1997",Boutwell Memorial Auditorium,Birmingham,Alabama,United States,5000
UFC 13, The Ultimate Force,NA,"May 30, 1997",Augusta Civic Center,Augusta,Georgia,United States,5100
UFC 12, Judgement Day,NA,"Feb 7, 1997",Dothan Civic Center,Dothan,Alabama,United States,3100
UFC, The Ultimate Ultimate ,NA,"Dec 7, 1996",Fair Park Arena,Birmingham,Alabama,United States,6000
UFC 11, The Proving Ground,NA,"Sep 20, 1996",Augusta Civic Center,Augusta,Georgia,United States,4500
UFC 10, The Tournament,NA,"Jul 12, 1996",Fair Park Arena,Birmingham,Alabama,United States,4300
UFC 9, Motor City Madness,NA,"May 17, 1996",Cobo Arena,Detroit,Michigan,United States,10000
UFC 8, David , Goliath,"Feb 16, 1996",Coliseo Rubén Rodríguez,Bayamón,NA,Puerto Rico,13000
UFC, The Ultimate Ultimate,NA,"Dec 16, 1995",Mammoth Gardens,Denver,Colorado,United States,2800
UFC 7, The Brawl in Buffalo,NA,"Sep 8, 1995",Buffalo Memorial Auditorium,Buffalo,New York,United States,9000
UFC 6, Clash of the Titans,NA,"Jul 14, 1995",Casper Events Center,Casper,Wyoming,United States,2700
UFC 5, The Return of the Beast,NA,"Apr 7, 1995",Independence Arena,Charlotte,North Carolina,United States,6000
UFC 4, Revenge of the Warriors,NA,"Dec 16, 1994",Expo Square Pavilion,Tulsa,Oklahoma,United States,5857
UFC 3, The American Dream,NA,"Sep 9, 1994",Grady Cole Center,Charlotte,North Carolina,United States,3000
UFC 2, No Way Out,NA,"Mar 11, 1994",Mammoth Gardens,Denver,Colorado,United States,2000
UFC 1, The Beginning,NA,"Nov 12, 1993",McNichols Sports Arena,Denver,Colorado,United States,7800
